id,timestamp,symbol,action,raw_action,confidence,position_size_pct,stop_loss_price,take_profit_price,current_price,account_equity_usd,override_reason,execution_status,fill_price,realized_pnl_usd,reasoning
1,2026-09-02T16:56:57.806191+00:00,AAPL,buy,buy,0.55,20.0,310.5,348.0,326.1050109863281,1000.0,risk-based size 20.90% clamped to the 20.00% absolute position cap,dry_run,326.1050109863281,,"La tendència de fons és alcista: el preu (326,1) cotitza clarament per damunt de la SMA20 (312,0) i de la SMA50 (313,4), amb les dues mitjanes juntes actuant com a base de suport i un RSI de 61,9 que indica impuls positiu sense entrar en sobrecompra extrema. Els titulars (cicle iPhone 18 descrit com el més 'consequent' des de l'iPhone X per Morgan Stanley) donen un biaix direccional favorable, però només com a color afegit a una estructura de preu que ja és constructiva. Punt clarament negatiu: el volum cau un 65,4% mentre el preu només puja un 0,3%, és a dir, no hi ha confirmació de volum del moviment; això és un avanç feble i rebaixa la qualitat del setup, motiu pel qual la confiança es manté moderada i no alta. En mode simulació accepto aquesta vora moderada però real. Stop a 310,5, just per sota del clúster SMA20/SMA50 — perdre aquesta zona invalidaria la tesi alcista. Objectiu a 348, extensió raonable de la tendència, amb una relació risc/benefici propera a 1,4:1."
2,2026-09-02T16:57:15.162392+00:00,MSFT,buy,buy,0.56,20.0,477.5,532.0,496.1299133300781,1000.0,risk-based size 26.63% clamped to the 20.00% absolute position cap,dry_run,496.1299133300781,,"Tendència alcista clara: el preu (496,13) es manté per sobre de la SMA20 (494,71) i molt per sobre de la SMA50 (437,69), amb un RSI de 60,7 que indica moment positiu sense sobrecompra extrema. La caiguda del dia (-0,98%) va acompanyada d'un descens brutal del volum (-65,6%), cosa que suggereix una recollida de beneficis de baixa convicció més que no pas distribució real; cal remarcar, però, que la manca de volum també treu força a qualsevol confirmació alcista, de manera que el senyal és moderat, no fort. Els titulars són neutres-positius (expansió de l'ecosistema AI i partners, exempció regulatòria d'Edge a la UE) i només serveixen de context, no com a tesi. No hi ha dades de posicionament de mercat. Entrada de continuïtat de tendència amb stop just sota la zona de suport i la SMA20 (477,5, ~3,8% avall) i objectiu a 532 (~7,2%), amb una relació risc/benefici propera a 1,9. En mode simulació accepto aquest setup de força moderada, però amb confiança honesta al voltant del 55%: si es perd la SMA20 amb volum creixent, la tesi queda invalidada."
3,2026-09-02T16:57:31.127271+00:00,NVDA,buy,buy,0.56,20.0,216.5,242.0,225.9300994873047,1000.0,risk-based size 23.96% clamped to the 20.00% absolute position cap,dry_run,225.9300994873047,,"L'estructura de tendència és clarament alcista: el preu (225,93) cotitza per sobre de la SMA20 (219,37) i de la SMA50 (209,32), i les mitjanes estan ordenades a l'alça, cosa que indica que el control el tenen els compradors en el mitjà termini. L'RSI de 57,6 és constructiu però lluny de la sobrecompra, de manera que hi ha marge de recorregut sense senyal d'esgotament immediat. El punt feble és clar i cal dir-ho explícitament: la pujada del 3,9% arriba amb un volum un 13% inferior, és a dir, el moviment NO està confirmat per volum, cosa que rebaixa la qualitat del setup i augmenta el risc de recaiguda cap a la SMA20. Els titulars són soroll genèric i no aporten cap catalitzador direccional; no hi ha dades de posicionament. En mode simulació accepto aquest edge moderat però real: entrada a favor de tendència amb stop just per sota de la SMA20 (216,5), zona que si es perd invalidaria l'estructura de curt termini, i objectiu a 242 per una relació risc/benefici propera a 1,7. Confiança honesta moderada per la manca de confirmació de volum."
4,2026-09-02T16:58:08.993415+00:00,BTC-USD,buy,buy,0.56,20.0,73400.0,85000.0,77177.84375,1000.0,risk-based size 20.43% clamped to the 20.00% absolute position cap,dry_run,77177.84375,,"L'estructura de preus és clarament alcista: el preu (77.178) es manté per damunt de la SMA20 (73.858) i molt per damunt de la SMA50 (68.125), amb les mitjanes ordenades a l'alça, cosa que confirma una tendència primària positiva. L'RSI de 64,7 mostra força sense entrar en sobrecompra extrema, així que encara hi ha marge abans d'una condició d'esgotament. Els punts febles: la sessió és pràcticament plana (-0,29%) i el volum cau un 2,6%, per tant no hi ha confirmació de volum del moviment; això rebaixa la qualitat del setup i és la raó principal per la qual la confiança es queda en zona moderada. El preu també està un 4,5% per damunt de la SMA20, així que una entrada aquí assumeix certa extensió i risc de retrocés cap a la mitjana. Els titulars són constructius però genèrics (fluxos d'ETF, liquiditat global) i no aporten cap catalitzador propi de BTC. El posicionament net llarg dels grans comptes de Hyperliquid i el funding lleugerament positiu són coherents amb el biaix alcista, però es tracta de posicions apalancades d'altres operadors i no els dono pes com a confirmació: la justificació és exclusivament la tendència tècnica. En mode simulació accepto aquest edge moderat però real: compra amb stop a 73.400, just per sota de la SMA20 (la pèrdua d'aquest nivell invalidaria l'estructura de curt termini), i objectiu a 85.000, cosa que dona una relació risc/benefici propera a 2:1."
5,2026-09-02T16:58:44.725225+00:00,ETH-USD,buy,buy,0.57,20.0,2275.0,2660.0,2384.93994140625,1000.0,risk-based size 21.69% clamped to the 20.00% absolute position cap,dry_run,2384.93994140625,,"La tendència de fons és clarament alcista: el preu (2.384,94) cotitza per sobre de la SMA20 (2.298,74) i molt per sobre de la SMA50 (2.053,37), amb les mitjanes ben ordenades, cosa que indica una estructura de continuïtat. L'RSI de 60,8 mostra impuls positiu sense arribar a zona de sobrecompra, cosa que deixa recorregut. La caiguda intradia del -1,36% amb un volum +12,5% és el punt feble: un retrocés amb volum creixent pot indicar presa de beneficis més que acumulació, i per això no és un senyal de força neta sinó una entrada en pullback dins de tendència. Els titulars (compres de Bitmine, flux cap a ETFs d'Ethereum, objectiu de Tom Lee) i el posicionament net llarg de les carteres de Hyperliquid amb funding lleugerament positiu només aporten biaix direccional; no són la base de la tesi i no s'ha de copiar cap posició apalancada, ja que aquí operem spot sense palanquejament. Estructura de risc: stop a 2.275, just per sota de la SMA20 i del suport recent, de manera que si es perd aquesta referència la tesi de continuïtat queda invalidada; objectiu a 2.660, amb una relació risc/benefici propera a 2,5:1. En mode simulació, aquesta configuració de força moderada però real justifica actuar, tot i que la confiança es manté modesta pel retrocés amb volum."
6,2026-09-02T16:59:17.324359+00:00,SOL-USD,buy,buy,0.56,13.58597555024541,91.5,113.5,98.7699966430664,1000.0,,dry_run,98.7699966430664,,"L'estructura de tendència és clarament alcista: el preu (98,77) es manté per sobre de la SMA20 (92,70) i molt per sobre de la SMA50 (82,11), amb les mitjanes correctament ordenades, cosa que indica un impuls de mitjà termini intacte. L'RSI de 61 mostra força sense arribar a sobrecompra, deixant espai per continuar. La caiguda del -1,2% de la sessió és una pausa menor dins la tendència, no un canvi d'estructura. El punt feble: el volum cau un 3,4%, de manera que no hi ha confirmació de volum del moviment; això rebaixa la qualitat del setup i justifica una mida moderada i una confiança limitada. El posicionament net llarg a Hyperliquid i el funding lleugerament positiu són coherents amb el biaix alcista, però només els prenc com a color direccional, no com a raó per operar: la justificació és tècnica (tendència + mitjanes). No hi ha titulars que contradiguin la tesi. Stop a 91,5, just per sota de la SMA20, ja que perdre aquest nivell invalidaria l'estructura; objectiu a 113,5, aproximadament 2:1 sobre la distància de risc. En mode simulació accepto aquest setup de força moderada tot i la manca de confirmació de volum."
7,2026-09-02T22:03:27.188170+00:00,AAPL,hold,hold,0.6,0.0,,,324.9599914550781,999.3642416922925,,,,,"La posició llarga existent (0,61 accions a 326,11) està lleugerament en pèrdua (-0,35%), però l'estructura tècnica segueix sent alcista: el preu (324,96) cotitza clarament per sobre de la SMA20 (311,99) i de la SMA50 (313,38), amb les mitjanes gairebé planes i el preu ~4% per damunt, senyal de tendència intacta. L'RSI de 61 és constructiu sense arribar a sobrecompra, de manera que no hi ha cap senyal de sortida que justifiqui tancar el llarg. Al mateix temps, tampoc hi ha arguments per ampliar: la variació de preu del dia és pràcticament nul·la (-0,05%) i el volum cau un 36,7%, és a dir, consolidació sense confirmació de volum; una extensió del 4% sobre la SMA20 amb volum decreixent és un punt d'entrada pobre. Els titulars (iPhone plegable, canvi de CEO, capitalització de 5 bilions) són narrativa de fons i no aporten un catalitzador operatiu immediat, i no hi ha dades de posicionament de mercat. Amb senyals mixtos entre tendència positiva i manca de confirmació de volum, la decisió disciplinada és mantenir la posició actual sense afegir-hi ni liquidar-la, i reavaluar si el preu perd la SMA20 (zona 312) o si es produeix una ruptura amb volum per sobre dels màxims recents."
8,2026-09-02T22:03:46.347799+00:00,MSFT,buy,buy,0.55,20.0,478.5,530.0,496.82000732421875,999.3642416922925,risk-based size 27.12% clamped to the 20.00% absolute position cap,skipped,,,"La tendència de fons és clarament alcista: el preu (496,82) cotitza per sobre de la SMA20 (494,75) i molt per sobre de la SMA50 (437,70), amb una separació superior al 13% que confirma un impuls mitjà termini fort. L'RSI de 61 indica força sense entrar en sobrecompra, deixant espai per continuar. La caiguda del dia (-0,84%) va acompanyada d'un descens de volum del -27%, cosa que encaixa més amb una consolidació/pausa sana que amb una distribució: la manca de volum en la baixada és un senyal constructiu (i, alhora, recordo que tampoc hi ha confirmació de volum en cap impuls comprador, la qual cosa limita la qualitat del setup). Els titulars són neutres o irrellevants per al preu (el cas Ballmer/Clippers és personal, no corporatiu; la revisió de segments d'Azure aporta transparència però no direcció immediata). Ja tinc una posició petita amb entrada gairebé al preu actual, i afegir-hi manté el risc controlat. Stop a 478,5, just per sota de l'estructura recent i de la SMA20, que invalidaria la tesi de continuació; objectiu a 530, una extensió raonable de l'impuls, amb una relació risc/benefici propera a 1,8. Confiança moderada: el gran allunyament respecte de la SMA50 fa que el moviment estigui una mica estirat i una correcció cap a la mitjana és possible."
9,2026-09-02T22:04:03.262059+00:00,NVDA,buy,buy,0.57,18.842143968103887,212.5,245.0,224.41000366210938,999.3642416922925,,skipped,,,"La tendència és constructiva: el preu (224,41) cotitza per sobre de la SMA20 (219,29) i de la SMA50 (209,28), amb les mitjanes ben ordenades a l'alça. El moviment recent del +3,2% ve acompanyat d'un increment de volum del +42%, és a dir que hi ha confirmació de volum i no només un impuls buit de preu. L'RSI a 56,7 és neutre-positiu i deixa marge abans de zona de sobrecompra, cosa que redueix el risc de comprar en extensió. Ja hi ha una posició oberta amb entrada mitjana de 225,93, lleugerament en pèrdua, però l'estructura tècnica no s'ha trencat, així que no hi ha motiu per liquidar; més aviat es justifica ampliar de manera moderada. Els titulars són majoritàriament neutres o de context sectorial (Broadcom, Nokia/6G) i no aporten cap catalitzador propi, per tant només tenen un pes marginal en la tesi. No hi ha dades de posicionament d'altres operadors, cosa que no afecta la decisió. Stop a 212,50, just per sota de la SMA20 i de la SMA50 amb un petit marge, nivell on la tesi d'impuls quedaria invalidada; objectiu a 245, coherent amb l'extensió de l'impuls actual i una relació risc/benefici superior a 1,7. Confiança moderada: el senyal és real però no fort, i el mercat de semiconductors és volàtil."
10,2026-09-02T22:04:30.287207+00:00,BTC-USD,hold,hold,0.6,0.0,,,77174.328125,999.3642416922925,,,,,"Ja tenim una posició llarga oberta (0,00259 BTC) amb entrada pràcticament al preu actual (77.177 vs 77.174), és a dir en punt mort. L'estructura de tendència segueix sent alcista: el preu es manté clarament per sobre de la SMA20 (73.858) i de la SMA50 (68.125), i l'RSI 14 a 64,7 mostra impuls positiu sense arribar a sobrecompra extrema. Això justifica mantenir l'exposició existent i no tancar-la. Al mateix temps, no hi ha arguments per ampliar: la variació de preu de la sessió és lleugerament negativa (-0,30%) i el volum cau un 11,4%, de manera que no hi ha confirmació de volum per a un nou tram alcista; el preu també està ja un 4,5% per sobre de la SMA20, cosa que fa que una entrada addicional aquí tingui un risc/benefici pobre. Els titulars són neutres per a BTC (flux cap a ETFs d'XRP, notícies de Coinbase/Canadà) i el posicionament net llarg dels grans wallets de Hyperliquid amb funding lleugerament positiu només aporta un biaix direccional; són posicions apalancades amb horitzons desconeguts i no constitueixen per si soles cap senyal de compra per a spot sense palanquejament. Conclusió: mantenir la posició i esperar bé una recaiguda cap a la SMA20 per afegir, bé una ruptura amb expansió de volum."
11,2026-09-02T22:04:55.865644+00:00,ETH-USD,buy,buy,0.58,20.0,2280.0,2680.0,2386.56005859375,999.3642416922925,risk-based size 22.40% clamped to the 20.00% absolute position cap,skipped,,,"La tendència de fons és clarament alcista: el preu (2.386) es manté per sobre de la SMA20 (2.299) i molt per sobre de la SMA50 (2.053), amb les mitjanes en ordre alcista. L'RSI de 60,9 mostra impuls positiu sense arribar a zona de sobrecompra, cosa que deixa recorregut. La caiguda del -1,29% en l'última sessió sembla una pausa dins de la tendència i ofereix un punt d'entrada lleugerament millor que els màxims recents. El volum només puja un +2,5%, una confirmació feble: no hi ha acumulació agressiva darrere del moviment, i això rebaixa la qualitat del setup i em fa mantenir la confiança moderada. Ja tinc una posició oberta pràcticament a preu de cost (2.384,94), de manera que aquesta operació és una ampliació sobre una posició que no ha fallat. Els titulars (compres de Bitmine, flux cap a ETFs d'ETH, objectius optimistes) i el posicionament net llarg de les carteres de Hyperliquid amb funding lleugerament positiu donen un biaix direccional coherent, però no són el motiu de l'operació: només acompanyen una estructura tècnica que ja és alcista; per si sols no justificarien res, i el funding positiu també indica que els llargs ja estan una mica atapeïts. Stop a 2.280, just per sota de la SMA20 i de l'estructura de suport recent: si es perd, la tesi de continuïtat alcista queda invalidada. Objectiu a 2.680, una extensió raonable d'aproximadament 1,7 vegades el risc dins del canal alcista actual."
12,2026-09-02T22:05:20.263176+00:00,SOL-USD,buy,buy,0.56,13.85514719305355,92.3,114.5,99.4800033569336,999.3642416922925,,skipped,,,"Tendència alcista clara i ordenada: el preu (99,48) està per sobre de la SMA20 (92,74) i aquesta per sobre de la SMA50 (82,12), amb un RSI de 62 que mostra impuls sense entrar en sobrecompra. La posició existent (1,376 SOL a 98,77) està lleugerament en benefici i la petita caiguda del dia (-0,51%) amb volum a la baixa (-16%) s'interpreta millor com una consolidació/pausa que com una distribució: no hi ha volum venedor que confirmi un gir. Cal ser explícit, però, que el volum decreixent tampoc confirma cap nova empenta alcista, per la qual cosa aquesta és una entrada de continuïtat de força moderada, no un senyal fort. El posicionament net llarg a Hyperliquid i el funding lleugerament positiu només aporten un biaix direccional coherent amb la lectura tècnica; no serien motiu per operar per si sols i el fet que siguin posicions apalancades de perpetuus no és comparable amb el nostre risc en spot. Situo el stop a 92,30, just per sota de la SMA20 i de l'estructura de suport recent: si es perd, l'estructura alcista de curt termini queda invalidada. Objectiu a 114,50, que dona una relació risc/benefici propera a 2:1."
13,2026-09-03T01:33:36.350440+00:00,AAPL,buy,buy,0.57,17.933255229900148,307.0,352.0,325.1300048828125,997.5443189764987,,skipped,,,"La tendència és clarament alcista: el preu (325,13) cotitza per sobre de la SMA20 (311,28) i de la SMA50 (312,76), amb les dues mitjanes molt properes i el preu allunyat a l'alça, cosa que indica una ruptura recent. L'RSI de 61 mostra força sense entrar en sobrecompra, deixant marge de recorregut. A diferència d'un simple 'pump', la pujada del 2,6% ve acompanyada d'un augment del volum del 28,9%, és a dir, hi ha confirmació de volum, que és el factor que dóna qualitat al senyal. Els titulars són moderadament constructius (capitalització de 5 bilions, possible iPhone plegable amb impacte de 14.000 M$ segons Morgan Stanley), tot i que també apunten riscos d'execució amb el nou CEO i possible desacceleració d'ingressos; els prenc només com a biaix i no com a tesi. Ja tenim una posició petita amb entrada a 326,11 (lleugerament en pèrdua), i la estructura tècnica justifica mantenir-la i ampliar-la de manera controlada. Col·loco l'stop a 307, just per sota de la zona de suport formada per les dues mitjanes, ja que perdre aquest nivell invalidaria la ruptura. Objectiu a 352, una extensió raonable del moviment. Confiança moderada: el preu està una mica estirat respecte a la SMA20 i podria haver-hi una correcció cap al suport abans de continuar."
14,2026-09-03T01:33:54.659058+00:00,MSFT,buy,buy,0.56,20.0,483.5,537.0,501.0199890136719,997.5443189764987,risk-based size 28.60% clamped to the 20.00% absolute position cap,skipped,,,"La tendència de fons és clarament alcista: el preu (501,02) es manté per damunt de la SMA20 (494,23) i molt per damunt de la SMA50 (435,23), amb una estructura de mitjanes ordenada. L'RSI de 64 mostra força sense arribar a sobrecompra extrema. La caiguda del dia (-1,24%) va acompanyada d'un descens de volum del -22,6%, cosa que és més compatible amb una correcció per manca d'interès venedor agressiu que amb una distribució real; tot i això, cal remarcar que la manca de volum també significa que no hi ha confirmació compradora, de manera que el senyal és de força moderada, no fort. Els titulars són constructius però no decisius: més transparència en les vendes d'Azure i revisió d'objectiu de preu per part de BofA aporten context, no tesi. Ja tenim posició amb entrada mitjana a 496,13 i un petit benefici latent; s'afegeix de manera mesurada aprofitant el retrocés cap a la SMA20. Stop a 483,5, just per sota de la SMA20 i de l'estructura recent, que invalidaria el plantejament; objectiu a 537, coherent amb l'extensió de la tendència. Mida advisory continguda perquè el preu està lluny de la SMA50 i el risc de reversió a la mitjana és real."
15,2026-09-03T01:34:12.046786+00:00,NVDA,hold,hold,0.6,0.0,,,217.44000244140625,997.5443189764987,,,,,"Ja tenim una posició llarga oberta (0,885 accions a 225,93) amb una pèrdua latent d'aproximadament un 3,8%, i representa gairebé el 19% del capital, així que no hi ha marge raonable per ampliar. El quadre tècnic és neutre i contradictori: l'RSI(14) a 51,9 no dona cap senyal, el preu (217,44) està just per sota de la SMA20 (219,03) però clarament per sobre de la SMA50 (208,80), de manera que l'estructura alcista de fons es manté intacta. La caiguda del dia (-1,5%) va acompanyada d'un volum un 12% inferior, cosa que suggereix una correcció per manca d'interès venedor agressiu més que no pas distribució; això desaconsella tancar per pànic, però tampoc no confirma cap rebot. Els titulars (acord amb Nokia, expansió de contractes d'IA) són favorables però són biaix direccional, no una tesi operativa per si sols. Sense confirmació de volum ni una recuperació neta per sobre de la SMA20, la decisió coherent és mantenir la posició i esperar: una tancada sostinguda per sota de la SMA50 seria el punt on caldria replantejar-la."
16,2026-09-03T01:34:37.980295+00:00,BTC-USD,hold,hold,0.6,0.0,,,77473.3828125,997.5443189764987,,,,,"Ja tenim una posició llarga oberta (0,00259 BTC a 77.177,84) que està lleugerament en benefici amb el preu a 77.473. La tendència de fons és clarament alcista: preu per sobre de la SMA20 (73.873) i molt per sobre de la SMA50 (68.131), amb RSI 14 a 65,8, encara sense sobrecompra extrema. Això justifica mantenir l'exposició existent i no vendre. En canvi, no veig arguments prou sòlids per ampliar: la variació de preu del dia és pràcticament plana (+0,09%) i el volum cau un 13,9%, és a dir, no hi ha confirmació de volum per a un nou impuls; a més el preu està un ~4,9% per sobre de la SMA20, una extensió que fa que una compra afegida aquí tingui una relació risc/benefici pobra i un stop necessàriament llunyà. Els titulars són neutres i genèrics (ETFs d'XRP, Coinbase al Canadà) i no aporten catalitzador direccional per a BTC. El posicionament net llarg de les carteres grans de Hyperliquid i el funding lleugerament positiu són només biaix direccional en posicions apalancades que no puc replicar en spot, i per si sols no són motiu per actuar. Conclusió: mantenir la posició, sense afegir ni tancar, i reavaluar si el preu perd la SMA20 (senyal de sortida) o si un tram alcista arriba acompanyat d'expansió de volum (senyal per ampliar)."
17,2026-09-03T01:35:00.655442+00:00,ETH-USD,buy,buy,0.57,18.436216299630768,2262.0,2660.0,2391.72998046875,997.5443189764987,,skipped,,,"L'estructura de tendència és clarament alcista: el preu (2391) cotitza per sobre de la SMA20 (2299, +4%) i molt per sobre de la SMA50 (2053, +16%), amb les mitjanes en ordre alcista. L'RSI de 61 mostra impuls positiu sense entrar en sobrecompra, cosa que deixa marge de recorregut. La caiguda del dia (-1,08%) sembla una consolidació menor dins la tendència, no un canvi d'estructura. Punt feble: el volum és pràcticament pla (+0,03%), de manera que no hi ha confirmació de volum ni per a l'impuls alcista ni per a la correcció; això rebaixa la qualitat del setup i justifica una confiança moderada. Ja tinc una posició llarga amb un guany mínim (entrada 2384,94), i afegeixo de manera controlada aprofitant el retrocés cap a la mitjana. Els titulars (compres de Bitmine, flux cap a ETFs d'ETH) i el posicionament net llarg de les carteres de Hyperliquid amb funding lleugerament positiu donen només un biaix direccional favorable, no són el motiu de l'operació: la tesi es basa en el preu i l'estructura de mitjanes. El stop es col·loca a 2262, just per sota de la SMA20 i de la zona de suport recent, perquè una pèrdua d'aquest nivell invalidaria la tendència de curt termini. L'objectiu a 2660 dona una relació risc/benefici propera a 2:1."
18,2026-09-03T01:35:21.160692+00:00,SOL-USD,hold,hold,0.6,0.0,,,100.5199966430664,997.5443189764987,,,,,"Ja tenim una posició llarga oberta (1,376 SOL a 98,77) amb un guany latent petit (~+1,8%). L'estructura tècnica és alcista: preu (100,52) per sobre de la SMA20 (92,79) i aquesta molt per sobre de la SMA50 (82,14), amb RSI 14 a 63,9, encara sense sobrecompra extrema. Això justifica mantenir l'exposició actual i no tancar-la. Ara bé, per afegir-hi no hi ha prou confirmació: la variació de preu de la sessió és mínima (+0,53%) i el volum cau un 16%, és a dir, impuls sense confirmació de volum, i el preu ja està un ~22% per sobre de la SMA50, cosa que augmenta el risc de reversió a la mitjana. El posicionament net llarg a Hyperliquid (una sola cartera, funding lleugerament positiu) només és un biaix direccional i no crea per si sol una tesi d'entrada. Sense titulars ni catalitzadors nous, la decisió disciplinada és mantenir la posició existent tal com està i esperar o bé una correcció controlada cap a la SMA20 per afegir, o bé un tancament clar per sobre de màxims amb expansió de volum."
19,2026-09-03T08:19:57.186714+00:00,AAPL,buy,buy,0.55,20.0,309.5,348.0,324.9599914550781,1004.2108393583081,risk-based size 21.02% clamped to the 20.00% absolute position cap,skipped,,,"La tendència de fons és clarament alcista: el preu (324,96) cotitza prop d'un 4% per damunt de la SMA20 (311,99) i de la SMA50 (313,38), amb les dues mitjanes pràcticament planes i el preu marcant màxims recents després d'assolir els 5 bilions de capitalització. L'RSI de 61 mostra força sense entrar en sobrecompra, cosa que deixa marge per a una continuació. Ja tenim una posició llarga (0,61 accions a 326,11) amb una pèrdua latent mínima (-0,35%), de manera que l'estructura no s'ha trencat i no hi ha cap raó tècnica per tancar-la. El punt feble és la confirmació: la variació de preu del dia és plana (-0,05%) i el volum cau un 36,5%, per tant es tracta d'una consolidació sense participació, no d'un impuls comprador nou; això rebaixa la qualitat del setup i és el motiu pel qual la confiança es manté modesta. Els titulars són neutres o lleugerament mixtos (transició de CEO, dubtes sobre el creixement d'ingressos sense un iPhone plegable), i només aporten context, no direcció. Actuo com a afegit petit de continuació de tendència aprofitant la pausa: stop a 309,50, just per sota de les dues mitjanes, nivell que invalidaria la tesi alcista; objectiu a 348, coherent amb l'extensió del moviment actual. Si el volum no torna en les properes sessions, la posició s'ha de gestionar amb rapidesa."
20,2026-09-03T08:20:16.791535+00:00,MSFT,buy,buy,0.56,20.0,478.0,532.0,496.82000732421875,1004.2108393583081,risk-based size 26.40% clamped to the 20.00% absolute position cap,skipped,,,"MSFT manté una estructura alcista clara: el preu (496,82) cotitza per sobre de la SMA20 (494,75) i molt per sobre de la SMA50 (437,70), amb un RSI de 61 que indica força sense sobrecompra extrema. La caiguda del dia (-0,84%) va acompanyada d'un descens del volum del 27%, cosa que suggereix una consolidació/retrocés sense distribució agressiva, més que no pas un canvi de tendència; tot i això, cal reconèixer que la manca de volum també resta convicció a qualsevol continuació immediata, per la qual cosa la confiança és moderada i no alta. Els titulars són neutres-positius (integració de Copilot amb Euromonitor, revisió d'objectiu de preu de BofA) i no aporten cap catalitzador decisiu; el soroll sobre Ballmer/Clippers és irrellevant per al negoci. Ja tenim una posició pràcticament plana (entrada 496,13), i el context tècnic justifica mantenir-la i ampliar-la modestament. Situo l'stop a 478, per sota de la SMA20 i de l'estructura recent, de manera que una pèrdua d'aquest nivell invalidaria la tesi de continuïtat alcista sense que el soroll diari ens tregui. Objectiu a 532, que ofereix una relació risc/benefici propera a 1,9:1."
21,2026-09-03T08:20:35.151872+00:00,NVDA,buy,buy,0.58,20.0,213.5,246.0,224.41000366210938,1004.2108393583081,risk-based size 20.57% clamped to the 20.00% absolute position cap,skipped,,,"L'estructura tècnica és clarament alcista: el preu (224,41) es manté per damunt de la SMA20 (219,29) i de la SMA50 (209,28), amb les mitjanes ordenades en tendència ascendent. La pujada del 3,2% ve acompanyada d'un increment de volum del 42,7%, per tant hi ha confirmació de volum i no és un simple impuls buit de preu. L'RSI a 56,7 és moderadament alcista i deixa marge abans de la sobrecompra, cosa que redueix el risc de comprar en un extrem. Ja tenim una posició llarga lleugerament en pèrdua (entrada mitjana 225,93), i el context de mercat justifica mantenir-la i ampliar-la de forma mesurada més que tancar-la. Els titulars són mixtos: la venda d'insiders per 1.090 milions i el debat sobre el finançament circular de CoreWeave/Nebius són vents en contra a vigilar, mentre que el discurs sobre la demanda d'IA i el pes rècord al S&P 500 són de biaix positiu; en conjunt no alteren la tesi tècnica, només la matisen. El stop a 213,50 se situa per sota de la SMA20 i de la zona de suport recent, de manera que només salta si es trenca l'estructura alcista; l'objectiu a 246 dona una relació risc/benefici propera a 2:1. Confiança moderada: el senyal és real però no excepcional, i el risc de concentració en un valor amb valoració exigent és present."
22,2026-09-03T08:21:02.798528+00:00,BTC-USD,buy,buy,0.56,19.54290615045332,73900.0,86000.0,77885.3515625,1004.2108393583081,,skipped,,,"L'estructura tècnica és alineada a l'alça: el preu (77.885) cotitza clarament per damunt de la SMA20 (74.610) i de la SMA50 (68.391), amb les mitjanes en ordre ascendent, cosa que confirma una tendència de recuperació intacta. El RSI de 66,6 mostra impuls sòlid sense entrar encara en sobrecompra extrema. La pujada del 0,76% ve acompanyada d'un increment de volum del 5%, una confirmació positiva però modesta —no és un impuls explosiu, i això rebaixa la força del senyal. Ja tenim una posició oberta amb entrada a 77.178 que està en guany lleuger, la qual cosa valida la direcció; afegim de manera continuista aprofitant el mode de simulació, que premia actuar sobre avantatges reals però moderats. El posicionament net llarg dels grans comptes de Hyperliquid i el funding lleugerament positiu són coherents amb la nostra lectura, però només s'usen com a biaix direccional: són posicions apalancades i no justificarien per si soles cap operació. Els titulars són neutres/constructius per al sector (ETFs, expansió de Coinbase) sense catalitzador específic per a BTC. Stop a 73.900, just per sota de la SMA20 i de l'estructura recent —una pèrdua d'aquest nivell invalidaria la tendència de curt termini. Objectiu a 86.000, oferint una relació risc/benefici propera a 2:1. Risc principal: extensió important respecte a la SMA50 (+14%), que deixa espai per a una reversió a la mitjana."
23,2026-09-03T08:21:28.052518+00:00,ETH-USD,buy,buy,0.56,20.0,2298.0,2660.0,2402.1201171875,1004.2108393583081,risk-based size 23.07% clamped to the 20.00% absolute position cap,skipped,,,"L'estructura tècnica és alcista i ordenada: preu (2402) per sobre de la SMA20 (2325) i aquesta molt per sobre de la SMA50 (2063), amb RSI 14 a 62, és a dir amb impuls però sense sobrecompra extrema. Ja tenim una posició llarga amb entrada a 2384,94 lleugerament en benefici, de manera que afegir-hi és una ampliació sobre una tendència ja validada, no una entrada a cegues. El punt feble és clar: la variació de volum és només d'un +1,4% amb un moviment de preu del +0,44%, per tant no hi ha confirmació real de volum darrere l'empenta; això rebaixa la qualitat del setup i justifica una mida moderada. També cal notar que el preu està un ~16% per sobre de la SMA50, cosa que deixa marge per a una correcció de retorn a la mitjana. Els titulars (compres de Bitmine, flux cap a ETFs d'ETH, objectiu de Tom Lee) i el posicionament net llarg de les carteres de Hyperliquid amb funding lleugerament positiu només aporten biaix direccional favorable; no són el motiu de l'operació i no s'han de copiar, sobretot perquè són posicions apalancades i nosaltres operem spot. Stop a 2298, just per sota de la SMA20 i de l'última zona de suport, cosa que invalidaria l'estructura alcista si es perfora; objectiu a 2660 buscant l'extensió del tram actual, amb una relació risc/benefici acceptable."
24,2026-09-03T08:21:47.816000+00:00,SOL-USD,buy,buy,0.58,10.956471783700495,91.5,119.0,100.69000244140625,1004.2108393583081,,skipped,,,"La tendència és clarament alcista: el preu (100,69) cotitza per damunt de la SMA20 (94,05) i molt per damunt de la SMA50 (82,61), amb les mitjanes en ordre ascendent, cosa que confirma estructura de continuació. L'RSI 14 a 64 mostra força sense entrar en sobrecompra extrema, i el volum acompanya lleugerament (+12%), de manera que l'impuls no és només preu buit, tot i que l'avanç diari és mínim (+0,3%) i per tant la confirmació és moderada, no forta. Ja tenim una posició llarga amb entrada mitjana a 98,77, en petit benefici; ampliar de forma controlada té sentit mentre es respecti la SMA20. El posicionament net llarg de les grans carteres de Hyperliquid i el funding lleugerament positiu només aporten un biaix direccional coherent, no són el motiu de l'operació. Stop a 91,5, just per sota de la SMA20, perquè una pèrdua d'aquest suport invalidaria l'estructura; objectiu a 119, prop de l'extensió del rang recent. Confiança moderada perquè el moviment diari és feble i no hi ha catalitzadors informatius."
25,2026-09-03T14:29:02.536921+00:00,MSFT,hold,hold,0.6,0.0,,,510.2300109863281,1026.976046872362,,,,,"Ja tenim una posició llarga oberta amb entrada mitjana a 496,13 i un guany latent d'aproximadament +2,8%. L'estructura tècnica és clarament alcista: preu per damunt de la SMA20 (495,3) i molt per damunt de la SMA50 (440,6), amb RSI de 66, encara sense sobrecompra extrema. Això no justifica tancar la posició. Alhora, l'argument per ampliar és feble: la pujada del 2,7% s'ha produït amb un volum un 64% inferior, és a dir, momentum sense confirmació de volum, i el preu ja cotitza ~16% per damunt de la SMA50, cosa que indica extensió i risc de consolidació o retrocés cap a la SMA20. Els titulars són mixtos i majoritàriament narratius (competència d'Amazon en cloud, acords nuclears, IPO xinesa d'IA), sense catalitzador direccional net. No hi ha dades de posicionament de mercat. Amb senyals que apunten a mantenir el que ja tenim però sense edge suficient per afegir exposició, la decisió correcta és mantenir la posició actual i deixar córrer la tendència, revisant si el preu perd la SMA20."
26,2026-09-03T14:29:20.097803+00:00,NVDA,buy,buy,0.56,16.147214012752645,213.5,249.0,227.59500122070312,1026.976046872362,,skipped,,,"La tendència és clarament alcista: preu (227,6) per sobre de la SMA20 (219,7) i de la SMA50 (209,9), amb les mitjanes ben ordenades. L'RSI a 58,7 mostra impuls positiu sense entrar en sobrecompra, cosa que deixa recorregut. El catalitzador fonamental (compra de Hugging Face per 13.000 M$) reforça el biaix direccional, tot i que per si sol no crearia la tesi. El punt feble i que cal dir explícitament: el volum cau un 77%, de manera que la pujada d'un 1,4% NO té confirmació de volum; això és un senyal d'impuls dèbil i rebaixa la qualitat del setup. Ja tenim una posició amb entrada mitjana a 225,93, lleugerament en benefici, i la tesi segueix intacta, per la qual cosa no hi ha motiu per tancar. En mode simulació accepto ampliar de manera moderada aprofitant una estructura alcista real, amb el stop just per sota de la SMA20 i de la zona de suport recent (213,5), cosa que invalidaria l'estructura si es perd, i objectiu a 249 (extensió de la tendència, relació risc/benefici propera a 1:1,5). Confiança continguda precisament per la manca de confirmació de volum."
27,2026-09-03T14:29:47.535959+00:00,BTC-USD,hold,hold,0.6,0.0,,,79579.203125,1026.976046872362,,,,,"Ja tenim una posició llarga oberta (0,00259 BTC a 77.177,84) amb un guany latent d'aproximadament +3,1%, i la tendència segueix sent clarament alcista: el preu cotitza per damunt de la SMA20 (74.695) i molt per damunt de la SMA50 (68.425), amb les mitjanes ordenades a l'alça. Això no justifica tancar la posició. Al mateix temps, tampoc no és un bon moment per ampliar: l'RSI(14) és de 70,2, ja en zona de sobrecompra, el preu està estirat un ~6,5% per damunt de la SMA20 i, sobretot, la pujada del +2,95% arriba amb un volum un 35% inferior — és a dir, momentum sense confirmació de volum, que és un senyal feble i típic d'extensions que es corregeixen. Els titulars (retorn de capital, correlació BTC-or elevada) i el posicionament net llarg de les carteres grans de Hyperliquid amb funding lleugerament positiu donen un biaix direccional favorable, però són posicions apalancades d'altres operadors i no constitueixen per si mateixes cap justificació tècnica per afegir risc. Conclusió: mantenir l'exposició actual i deixar córrer la tendència, sense perseguir el preu en sobrecompra ni realitzar beneficis de manera prematura. Reavaluarem si el preu perd la SMA20 (senyal de sortida) o si una nova empenta arriba acompanyada d'expansió de volum (senyal per ampliar)."
28,2026-09-03T14:30:13.073551+00:00,ETH-USD,buy,buy,0.56,16.35174843521607,2300.0,2720.0,2449.820068359375,1026.976046872362,,skipped,,,"La tendència és clarament alcista: el preu (2449) cotitza per damunt de la SMA20 (2327) i molt per damunt de la SMA50 (2064), amb les mitjanes ordenades a l'alça, i l'RSI de 64.8 mostra força sense entrar encara en sobrecompra extrema. Ja tenim una posició oberta amb entrada a 2384.9 que està en benefici, cosa que confirma que l'estructura funciona. El punt feble és evident i el pondero a la baixa: la pujada del 2.44% s'ha produït amb el volum caient un 8.3%, és a dir momentum sense confirmació de volum, la qual cosa fa que aquesta extensió del 5% sobre la SMA20 sigui vulnerable a una correcció cap a la mitjana. Els titulars (compres de Bitmine, flux cap a ETFs d'Ethereum) i el posicionament net llarg de les carteres grans de Hyperliquid amb funding lleugerament positiu donen només biaix direccional, no confirmació; no serien motiu per actuar per si sols, però van en la mateixa direcció que la lectura tècnica pròpia. Per això opto per una ampliació moderada de la posició llarga en spot, no agressiva. Stop a 2300, just per sota de la SMA20 i de l'estructura recent: si es perd aquest nivell la tesi de continuïtat queda invalidada. Objectiu a 2720, coherent amb l'extensió de l'impuls actual abans de la següent zona de resistència. Confiança continguda pel divergència de volum."
29,2026-09-03T14:30:33.849976+00:00,SOL-USD,buy,buy,0.57,11.163224942202547,93.4,121.5,102.58999633789062,1026.976046872362,,skipped,,,"Tendència alcista neta i ben ordenada: preu (102,59) per sobre de la SMA20 (94,15) i aquesta per sobre de la SMA50 (82,65), amb pendent positiu en totes dues. La pujada del dia (+2,2%) va acompanyada d'un augment de volum (+11,1%), és a dir, hi ha confirmació de volum i no es tracta d'un simple impuls buit. L'RSI de 66 mostra força sense entrar encara en sobrecompra extrema. La posició existent (1,376 @ 98,77) ja va guanyant ~3,9%, cosa que valida la lectura. El posicionament net llarg de les carteres de Hyperliquid i el funding lleugerament positiu només aporten un biaix direccional coherent, no són el motiu de la decisió. Punt feble: el preu està ~9% per sobre de la SMA20 i ~24% per sobre de la SMA50, per tant està estirat i és versemblant una correcció cap a la mitjana; per això la confiança és moderada i l'stop se situa just sota la SMA20 (93,40), nivell que, si es perd, invalidaria l'estructura alcista de curt termini. Objectiu a 121,50, una extensió raonable del moviment amb ratio risc/benefici favorable (~1:2)."
